t,A,xbar,ybar,Ixx,Iyy,Ixy
0.001,0.0003998983448,0.09399208598593768,0.012935530646380361,9.632130077796881e-08,1.2719706224491687e-06,2.5587897579071382e-08
